{
  "distribution": "zipf",
  "cache_policy": "lfu",
  "cache_size": 200,
  "total_queries": 1000,
  "hits": 883,
  "misses": 117,
  "hit_rate": 0.883,
  "avg_latency": 0.0004502532482147217,
  "timestamp": "2025-04-26T02:57:14.351961"
}