{
  "distribution": "uniform",
  "cache_policy": "lru",
  "cache_size": 200,
  "total_queries": 1000,
  "hits": 355,
  "misses": 645,
  "hit_rate": 0.355,
  "avg_latency": 0.0010664329528808595,
  "timestamp": "2025-04-26T02:56:27.094032"
}