{
  "distribution": "uniform",
  "cache_policy": "lfu",
  "cache_size": 200,
  "total_queries": 1000,
  "hits": 356,
  "misses": 644,
  "hit_rate": 0.356,
  "avg_latency": 0.0010446150302886963,
  "timestamp": "2025-04-26T02:56:39.281112"
}